<?xml version="1.0" encoding="utf-8"?>
<TopologyInfo xmlns:xsd="http://www.w3.org/2001/XMLSchema" xmlns:xsi="http://www.w3.org/2001/XMLSchema-instance">
  <Details Name="Jira Service Package" Alias="Jira Service Package" Driver="Python Setup &amp; Teardown" SetupDuration="10" TeardownDuration="10" Public="false" DefaultDuration="120">
    <Description>Blueprint with preconfigured setup &amp; teardown processes.Deploys Apps and resolves connections on Setup, and deletes App VMs on Teardown</Description>
    <Categories />
    <Scripts>
      <Script Name="Default Sandbox Teardown" />
      <Script Name="Default Sandbox Setup" />
    </Scripts>
    <Diagram Zoom="1" NodeSize="Medium" />
  </Details>
  <Services>
    <Service PositionX="399" PositionY="112" Alias="Jira Service" ServiceName="Jira Service">
      <Attributes>
        <Attribute Name="User" Value="admin" />
        <Attribute Name="Password" Value="P0G8gOpDHL0c52ROLdsaVQ==" />
        <Attribute Name="Endpoint URL Base" Value="https://ericrqs2.atlassian.net" />
      </Attributes>
    </Service>
  </Services>
  <Apps />
</TopologyInfo>