<?xml version="1.0" encoding="utf-8"?>
<TopologyInfo xmlns:xsd="http://www.w3.org/2001/XMLSchema" xmlns:xsi="http://www.w3.org/2001/XMLSchema-instance">
  <Details Name="Jira Auto Health Check Demo" Alias="Jira Auto Health Check Demo"
           Driver="Python Setup &amp; Teardown"
           SetupDuration="1" TeardownDuration="1" Public="true" DefaultDuration="120">
    <Description>Blueprint with preconfigured setup &amp; teardown processes.Deploys Apps and resolves connections on Setup, and deletes App VMs on Teardown</Description>
    <Categories>
      <!--<Category Name="LaaS" SubCategory="" />-->
    </Categories>
    <Scripts>
      <!--<Script Name="Error Handler Sandbox Teardown" />-->
      <!--<Script Name="Health Check Sandbox Setup" />-->
    </Scripts>
    <Diagram Zoom="0.95" NodeSize="Medium" />
  </Details>
  <Resources>
    <Resource PositionX="829" PositionY="315" Name="Failing DUT" Shared="true" />
    <Resource PositionX="772" PositionY="137" Name="Good DUT" Shared="true" />
  </Resources>
  <Services>
    <Service PositionX="400" PositionY="204" Alias="Jira Service" ServiceName="Jira Service">
      <Attributes>
        <Attribute Name="Jira Project Name" Value="" />
        <Attribute Name="Support Domain" Value="Support" />
        <Attribute Name="Issue Type" Value="Task" />
        <Attribute Name="User" Value="admin" />
        <Attribute Name="Password" Value="admin" />
        <Attribute Name="Endpoint URL Base" Value="http://34.209.61.145:2990/jira" />
        <!--<Attribute Name="Ticket Queue" Value="" />-->
        <!--<Attribute Name="Live Status Error Regex" Value="" />-->
      </Attributes>
    </Service>
  </Services>
  <Apps />
</TopologyInfo>