<?xml version="1.0" encoding="utf-8"?>
<TopologyInfo xmlns:xsd="http://www.w3.org/2001/XMLSchema" xmlns:xsi="http://www.w3.org/2001/XMLSchema-instance">
  <Details Name="Jira Health Check Demo" Alias="Jira Health Check Demo"
           Driver="Python Setup &amp; Teardown"
           SetupDuration="0" TeardownDuration="1" Public="true" DefaultDuration="120">
    <Description>Blueprint with preconfigured setup &amp; teardown processes.Deploys Apps and resolves connections on Setup, and deletes App VMs on Teardown</Description>
    <Categories>
      <!--<Category Name="LaaS" SubCategory="" />-->
    </Categories>
    <Scripts>
      <!--<Script Name="Error Handler Sandbox Teardown" />-->
      <!--<Script Name="Run Health Checks" />-->
    </Scripts>
    <Diagram Zoom="0.95" NodeSize="Medium" />
  </Details>

  <AbstractResources>
    <AbstractResource Name="DUT A*" ResourceFamily="Cisco Switch" Shared="false" PositionY="137" PositionX="772">
      <Quantity Value="1" Published="false"/>
      <ResourceModels Published="false">
        <ResourceModel>Cisco Nexus</ResourceModel>
      </ResourceModels>
    </AbstractResource>
  </AbstractResources>
  <AbstractResources>
    <AbstractResource Name="DUT B*" ResourceFamily="Cisco Switch" Shared="false" PositionY="337" PositionX="772">
      <Quantity Value="1" Published="false"/>
      <ResourceModels Published="false">
        <ResourceModel>Cisco Nexus</ResourceModel>
      </ResourceModels>
    </AbstractResource>
  </AbstractResources>
  <Resources>
    <!--<Resource PositionX="772" PositionY="137" Name="DUT 1" Shared="true" />-->
    <!--<Resource PositionX="829" PositionY="315" Name="DUT 2" Shared="true" />-->
    <!--<Resource PositionX="929" PositionY="437" Name="DUT 3" Shared="true" />-->
  </Resources>
  <Services>
    <!--<Service PositionX="400" PositionY="204" Alias="Jira Error Handler Service" ServiceName="Jira Error Handler Service">-->
      <!--<Attributes>-->
        <!--<Attribute Name="Jira Project Name" Value="" />-->
        <!--<Attribute Name="Support Domain" Value="Support" />-->
        <!--<Attribute Name="Issue Type" Value="Task" />-->
        <!--<Attribute Name="User" Value="admin" />-->
        <!--<Attribute Name="Password" Value="admin" />-->
        <!--<Attribute Name="Endpoint URL Base" Value="http://35.161.163.27:2990/jira" />-->
        <!--<Attribute Name="Ticket Queue" Value="" />-->
        <!--<Attribute Name="Live Status Error Regex" Value="" />-->
      <!--</Attributes>-->
    <!--</Service>-->
  </Services>
  <Apps />
</TopologyInfo>