<?xml version="1.0" encoding="utf-8"?>
<DataModelInfo xmlns:xsd="http://www.w3.org/2001/XMLSchema" xmlns:xsi="http://www.w3.org/2001/XMLSchema-instance" xmlns="http://schemas.qualisystems.com/ResourceManagement/DataModelSchema.xsd">
  <Attributes>
    <AttributeInfo Name="User" Type="String" DefaultValue="" Description="" IsReadOnly="false">
      <Rules>
        <Rule Name="Configuration" />
      </Rules>
    </AttributeInfo>
    <AttributeInfo Name="Password" Type="Password" DefaultValue="3M3u7nkDzxWb0aJ/IZYeWw==" Description="" IsReadOnly="false">
      <Rules>
        <Rule Name="Configuration" />
      </Rules>
    </AttributeInfo>
    <AttributeInfo Name="Endpoint URL Base" Type="String" DefaultValue="https://server:port" IsReadOnly="false">
      <Rules>
        <Rule Name="Configuration" />
        <Rule Name="Setting" />
      </Rules>
    </AttributeInfo>
    <AttributeInfo Name="Jira Project Name" Type="String" DefaultValue="" IsReadOnly="false">
      <Rules>
        <Rule Name="Configuration" />
        <Rule Name="Setting" />
      </Rules>
    </AttributeInfo>
    <AttributeInfo Name="Support Domain" Type="String" DefaultValue="Support" IsReadOnly="false">
      <Rules>
        <Rule Name="Configuration" />
        <Rule Name="Setting" />
      </Rules>
    </AttributeInfo>
    <AttributeInfo Name="Issue Type" Type="String" DefaultValue="Task" IsReadOnly="false">
      <Rules>
        <Rule Name="Configuration" />
        <Rule Name="Setting" />
      </Rules>
    </AttributeInfo>
    <!--<AttributeInfo Name="Issue Assignee" Type="String" DefaultValue="Support" IsReadOnly="false">-->
      <!--<Rules>-->
        <!--<Rule Name="Configuration" />-->
        <!--<Rule Name="Setting" />-->
      <!--</Rules>-->
    <!--</AttributeInfo>-->

    <AttributeInfo Name="Live Status Error Regex" Type="String" DefaultValue="Error" IsReadOnly="false">
      <Rules>
        <Rule Name="Configuration" />
        <Rule Name="Setting" />
      </Rules>
    </AttributeInfo>
  </Attributes>
  <ResourceFamilies>
    <ResourceFamily Name="Example Family" Description="" IsPowerSwitch="true" IsSearchable="true" ResourceType="Resource">
      <AttachedAttributes />
      <AttributeValues />
      <Models>
        <ResourceModel Name="Example Model" Description="" SupportsConcurrentCommands="false">
          <AttachedAttributes/>
          <AttributeValues/>
          <ParentModels />
          <Drivers/>
          <Scripts>
            <ScriptName>health_check</ScriptName>
          </Scripts>
        </ResourceModel>
      </Models>
      <Categories />
    </ResourceFamily>

    <ResourceFamily Name="Jira Services" Description="Temporary combination of Jira Error Handler Service and Jira Action Service" IsService="true" ServiceType="Regular">
      <AttachedAttributes />
      <AttributeValues />
      <Models>
        <ResourceModel Name="Jira Quarantine Handler Service" Description="Creates a Jira issue for a resource or blueprint that is being quarantined. Called by quarantine_resources_orch_hook_post_teardown and quarantine_blueprint_orch_hook_post_teardown." SupportsConcurrentCommands="false">
          <AttachedAttributes>
            <AttachedAttribute Name="User" IsOverridable="true" IsLocal="true" UserInput="true">
              <AllowedValues />
            </AttachedAttribute>
            <AttachedAttribute Name="Password" IsOverridable="true" IsLocal="true" UserInput="true">
              <AllowedValues />
            </AttachedAttribute>
            <AttachedAttribute Name="Endpoint URL Base" IsOverridable="true" IsLocal="true" UserInput="true">
              <AllowedValues />
            </AttachedAttribute>
            <AttachedAttribute Name="Jira Project Name" IsOverridable="true" IsLocal="true" UserInput="true">
              <AllowedValues />
            </AttachedAttribute>
            <AttachedAttribute Name="Issue Type" IsOverridable="true" IsLocal="true" UserInput="true">
              <AllowedValues />
            </AttachedAttribute>
            <AttachedAttribute Name="Support Domain" IsOverridable="true" IsLocal="true" UserInput="true">
              <AllowedValues />
            </AttachedAttribute>
            <!--<AttachedAttribute Name="Issue Assignee" IsOverridable="true" IsLocal="true" UserInput="true">-->
              <!--<AllowedValues />-->
            <!--</AttachedAttribute>-->
          </AttachedAttributes>
          <AttributeValues>
            <AttributeValue Name="User" Value="admin" />
            <AttributeValue Name="Password" Value="DxTbqlSgAVPmrDLlHvJrsA==" />
            <AttributeValue Name="Endpoint URL Base" Value="http://localhost:2990/jira" />
            <AttributeValue Name="Jira Project Name" Value="" />
            <AttributeValue Name="Support Domain" Value="Support" />
            <AttributeValue Name="Issue Type" Value="Task" />
            <!--<AttributeValue Name="Issue Assignee" Value="Support" />-->
          </AttributeValues>
          <ParentModels />
          <Drivers />
          <Scripts>
            <ScriptName>jira_quarantine_handler</ScriptName>
          </Scripts>
        </ResourceModel>
      </Models>
      <Categories>
        <Category>SaaS</Category>
      </Categories>
    </ResourceFamily>


    <ResourceFamily Name="Error Services" Description="Services for detecting and handling errors in the sandbox" IsService="true" ServiceType="Regular" IsAdminOnly="true">
      <AttachedAttributes />
      <AttributeValues />
      <Models>
        <ResourceModel Name="Post Setup Health Check Service" Description="Automatically runs health_check command on every resource in the sandbox at the end of Setup. Depends on hook_setup script." SupportsConcurrentCommands="false">
          <AttachedAttributes>
          </AttachedAttributes>
          <AttributeValues>
          </AttributeValues>
          <ParentModels />
          <Drivers />
          <Scripts>
            <ScriptName>health_check_orch_hook_post_setup</ScriptName>
          </Scripts>
        </ResourceModel>

        <ResourceModel Name="Blueprint Quarantine Service" Description="Checks for Setup errors in the activity feed and moves the blueprint to the support domain out of circulation. Calls any blueprint_quarantine_handler in the sandbox if the blueprint was quarantined. Depends on hook_teardown script." SupportsConcurrentCommands="false">
          <AttachedAttributes>
            <AttachedAttribute Name="Support Domain" IsOverridable="true" IsLocal="true" UserInput="true">
              <AllowedValues />
            </AttachedAttribute>
          </AttachedAttributes>
          <AttributeValues>
            <AttributeValue Name="Support Domain" Value="Support" />
          </AttributeValues>
          <ParentModels />
          <Drivers />
          <Scripts>
            <ScriptName>quarantine_blueprint_orch_hook_post_teardown</ScriptName>
          </Scripts>
        </ResourceModel>
        <ResourceModel Name="Resource Quarantine Service" Description="Checks for resources with bad live status and moves them to the support domain out of circulation. Calls any quarantine_handler in the sandbox for each resource quarantined. Depends on hook_teardown script." SupportsConcurrentCommands="false">
          <AttachedAttributes>
            <AttachedAttribute Name="Support Domain" IsOverridable="true" IsLocal="true" UserInput="true">
              <AllowedValues />
            </AttachedAttribute>
            <AttachedAttribute Name="Live Status Error Regex" IsOverridable="true" IsLocal="true" UserInput="true">
              <AllowedValues />
            </AttachedAttribute>
          </AttachedAttributes>
          <AttributeValues>
            <AttributeValue Name="Support Domain" Value="Support" />
            <AttributeValue Name="Live Status Error Regex" Value="Error" />
          </AttributeValues>
          <ParentModels />
          <Drivers />
          <Scripts>
            <ScriptName>quarantine_resources_orch_hook_post_teardown</ScriptName>
          </Scripts>
        </ResourceModel>
      </Models>
      <Categories>
        <Category>SaaS</Category>
      </Categories>
    </ResourceFamily>
  </ResourceFamilies>
  <DriverDescriptors>
    <DriverDescriptor Name="Python Setup &amp; Teardown" Description="This driver is used for running Python scripts in the environment setup and teardown. To use this driver, make sure you select a suitable setup and/or teardown script." DriverType="TestShellDriver" />
  </DriverDescriptors>
  <ScriptDescriptors>

    <ScriptDescriptor Name="health_check" Alias="Run Health Check" Description="Check if the device is online and functioning properly, and update the live status accordingly">
      <ScriptInputs/>
    </ScriptDescriptor>

    <ScriptDescriptor Name="hook_setup" CategoryName="Hidden Commands" Version="1.0.0" Alias="Setup script">
      <ScriptInputs />
    </ScriptDescriptor>
    <ScriptDescriptor Name="hook_teardown" CategoryName="Hidden Commands" Version="1.0.0" Alias="Teardown script">
      <ScriptInputs />
    </ScriptDescriptor>

    <ScriptDescriptor Name="jira_quarantine_handler" Version="1.0.0" Alias="Jira quarantine handler">
      <ScriptInputs>
        <ScriptInput Name="subject_name" Description="Name of the resource or blueprint that has been quarantined"/>
        <ScriptInput Name="blueprint_or_resource" Description="BLUEPRINT or RESOURCE"/>
        <ScriptInput Name="error_details" Description="Detailed error message"/>
        <ScriptInput Name="original_domains_csv" Description="Comma-separated list of domains the resource originally belonged to"/>
        <ScriptInput Name="support_domain" Description="Domain where the resource has been quarantined"/>
      </ScriptInputs>
    </ScriptDescriptor>

    <ScriptDescriptor Name="health_check_orch_hook_post_setup" CategoryName="" Version="1.0.1.2 " Alias="Run Health Checks">
      <ScriptInputs />
    </ScriptDescriptor>

    <ScriptDescriptor Name="quarantine_blueprint_orch_hook_post_teardown" CategoryName="" Version="1.0.1.2 " Alias="Quarantine Failed Blueprint">
      <ScriptInputs />
    </ScriptDescriptor>
    <ScriptDescriptor Name="quarantine_resources_orch_hook_post_teardown" CategoryName="" Version="1.0.1.2 " Alias="Quarantine Failed Resources">
      <ScriptInputs />
    </ScriptDescriptor>

  </ScriptDescriptors>
</DataModelInfo>